period_type,year,start_date,end_date,expected_days,observed_rows,numeric_days,accepted_days,good_only_days,missing_dates,longest_missing_run_days,numeric_coverage_pct,accepted_coverage_pct,good_only_coverage_pct,boundary_period
calendar_year,1966,1966-01-01,1966-12-31,365,245,245,245,244,120,120,67.123,67.123,66.849,True
calendar_year,1967,1967-01-01,1967-12-31,365,365,365,365,365,0,0,100.0,100.0,100.0,False
calendar_year,1968,1968-01-01,1968-12-31,366,366,366,366,366,0,0,100.0,100.0,100.0,False
calendar_year,1969,1969-01-01,1969-12-31,365,365,365,365,365,0,0,100.0,100.0,100.0,False
calendar_year,1970,1970-01-01,1970-12-31,365,365,365,365,365,0,0,100.0,100.0,100.0,False
calendar_year,1971,1971-01-01,1971-12-31,365,365,365,365,365,0,0,100.0,100.0,100.0,False
calendar_year,1972,1972-01-01,1972-12-31,366,366,366,366,366,0,0,100.0,100.0,100.0,False
calendar_year,1973,1973-01-01,1973-12-31,365,365,365,365,365,0,0,100.0,100.0,100.0,False
calendar_year,1974,1974-01-01,1974-12-31,365,365,365,365,365,0,0,100.0,100.0,100.0,False
calendar_year,1975,1975-01-01,1975-12-31,365,365,365,365,365,0,0,100.0,100.0,100.0,False
calendar_year,1976,1976-01-01,1976-12-31,366,366,366,366,366,0,0,100.0,100.0,100.0,False
calendar_year,1977,1977-01-01,1977-12-31,365,365,365,365,365,0,0,100.0,100.0,100.0,False
calendar_year,1978,1978-01-01,1978-12-31,365,365,365,365,365,0,0,100.0,100.0,100.0,False
calendar_year,1979,1979-01-01,1979-12-31,365,365,348,317,225,0,0,95.342,86.849,61.644,False
calendar_year,1980,1980-01-01,1980-12-31,366,366,366,366,169,0,0,100.0,100.0,46.175,False
calendar_year,1981,1981-01-01,1981-12-31,365,365,365,364,349,0,0,100.0,99.726,95.616,False
calendar_year,1982,1982-01-01,1982-12-31,365,365,365,365,365,0,0,100.0,100.0,100.0,False
calendar_year,1983,1983-01-01,1983-12-31,365,365,365,365,365,0,0,100.0,100.0,100.0,False
calendar_year,1984,1984-01-01,1984-12-31,366,366,366,366,354,0,0,100.0,100.0,96.721,False
calendar_year,1985,1985-01-01,1985-12-31,365,365,365,365,352,0,0,100.0,100.0,96.438,False
calendar_year,1986,1986-01-01,1986-12-31,365,365,365,365,365,0,0,100.0,100.0,100.0,False
calendar_year,1987,1987-01-01,1987-12-31,365,365,365,365,365,0,0,100.0,100.0,100.0,False
calendar_year,1988,1988-01-01,1988-12-31,366,366,366,366,366,0,0,100.0,100.0,100.0,False
calendar_year,1989,1989-01-01,1989-12-31,365,365,365,365,365,0,0,100.0,100.0,100.0,False
calendar_year,1990,1990-01-01,1990-12-31,365,365,327,286,286,0,0,89.589,78.356,78.356,False
calendar_year,1991,1991-01-01,1991-12-31,365,365,334,327,327,0,0,91.507,89.589,89.589,False
calendar_year,1992,1992-01-01,1992-12-31,366,366,362,357,357,0,0,98.907,97.541,97.541,False
calendar_year,1993,1993-01-01,1993-12-31,365,365,365,365,365,0,0,100.0,100.0,100.0,False
calendar_year,1994,1994-01-01,1994-12-31,365,365,365,364,364,0,0,100.0,99.726,99.726,False
calendar_year,1995,1995-01-01,1995-12-31,365,365,351,348,348,0,0,96.164,95.342,95.342,False
calendar_year,1996,1996-01-01,1996-12-31,366,366,366,363,363,0,0,100.0,99.18,99.18,False
calendar_year,1997,1997-01-01,1997-12-31,365,365,365,365,361,0,0,100.0,100.0,98.904,False
calendar_year,1998,1998-01-01,1998-12-31,365,365,365,365,361,0,0,100.0,100.0,98.904,False
calendar_year,1999,1999-01-01,1999-12-31,365,365,365,364,364,0,0,100.0,99.726,99.726,False
calendar_year,2000,2000-01-01,2000-12-31,366,366,366,366,363,0,0,100.0,100.0,99.18,False
calendar_year,2001,2001-01-01,2001-12-31,365,365,365,365,296,0,0,100.0,100.0,81.096,False
calendar_year,2002,2002-01-01,2002-12-31,365,365,364,361,224,0,0,99.726,98.904,61.37,False
calendar_year,2003,2003-01-01,2003-12-31,365,365,365,341,340,0,0,100.0,93.425,93.151,False
calendar_year,2004,2004-01-01,2004-12-31,366,366,366,358,358,0,0,100.0,97.814,97.814,False
calendar_year,2005,2005-01-01,2005-12-31,365,365,365,359,359,0,0,100.0,98.356,98.356,False
calendar_year,2006,2006-01-01,2006-12-31,365,365,365,359,359,0,0,100.0,98.356,98.356,False
calendar_year,2007,2007-01-01,2007-12-31,365,365,365,321,321,0,0,100.0,87.945,87.945,False
calendar_year,2008,2008-01-01,2008-12-31,366,366,366,344,344,0,0,100.0,93.989,93.989,False
calendar_year,2009,2009-01-01,2009-12-31,365,365,365,347,347,0,0,100.0,95.068,95.068,False
calendar_year,2010,2010-01-01,2010-12-31,365,365,365,351,351,0,0,100.0,96.164,96.164,False
calendar_year,2011,2011-01-01,2011-12-31,365,365,365,361,361,0,0,100.0,98.904,98.904,False
calendar_year,2012,2012-01-01,2012-12-31,366,366,366,358,358,0,0,100.0,97.814,97.814,False
calendar_year,2013,2013-01-01,2013-12-31,365,365,365,358,358,0,0,100.0,98.082,98.082,False
calendar_year,2014,2014-01-01,2014-12-31,365,365,365,363,363,0,0,100.0,99.452,99.452,False
calendar_year,2015,2015-01-01,2015-12-31,365,365,365,360,332,0,0,100.0,98.63,90.959,False
calendar_year,2016,2016-01-01,2016-12-31,366,366,366,353,353,0,0,100.0,96.448,96.448,False
calendar_year,2017,2017-01-01,2017-12-31,365,365,365,357,357,0,0,100.0,97.808,97.808,False
calendar_year,2018,2018-01-01,2018-12-31,365,365,365,361,361,0,0,100.0,98.904,98.904,False
calendar_year,2019,2019-01-01,2019-12-31,365,365,319,313,313,0,0,87.397,85.753,85.753,False
calendar_year,2020,2020-01-01,2020-12-31,366,366,341,333,295,0,0,93.169,90.984,80.601,False
calendar_year,2021,2021-01-01,2021-12-31,365,365,365,364,364,0,0,100.0,99.726,99.726,False
calendar_year,2022,2022-01-01,2022-12-31,365,365,365,362,362,0,0,100.0,99.178,99.178,False
calendar_year,2023,2023-01-01,2023-12-31,365,365,365,358,358,0,0,100.0,98.082,98.082,False
calendar_year,2024,2024-01-01,2024-12-31,366,363,362,201,201,3,3,98.907,54.918,54.918,False
calendar_year,2025,2025-01-01,2025-12-31,365,347,347,250,250,18,13,95.068,68.493,68.493,False
calendar_year,2026,2026-01-01,2026-12-31,365,255,251,0,0,110,110,68.767,0.0,0.0,True
